IBK_k_=_5,0.9343065693430657,0.9636363636363636,0.9464285714285714,0.06569343065693434,0.036363636363636376,0.9549549549549549,0.9503311258278145
IBK_k_=_5,0.948905109489051,0.9757575757575757,0.9583333333333334,0.051094890510948954,0.024242424242424288,0.9669669669669669,0.9635761589403974
IBK_k_=_5,0.9343065693430657,0.9575757575757575,0.9461077844311377,0.06569343065693434,0.042424242424242475,0.9518072289156626,0.9470198675496688
IBK_k_=_5,0.9343065693430657,0.9515151515151515,0.9457831325301205,0.06569343065693434,0.048484848484848464,0.9486404833836858,0.9437086092715232
IBK_k_=_5,0.9416058394160584,0.9575757575757575,0.9518072289156626,0.058394160583941646,0.042424242424242475,0.9546827794561934,0.9503311258278145
IBK_k_=_5,0.927007299270073,0.9515151515151515,0.9401197604790419,0.07299270072992703,0.048484848484848464,0.9457831325301206,0.9403973509933775
IBK_k_=_5,0.9343065693430657,0.9515151515151515,0.9457831325301205,0.06569343065693434,0.048484848484848464,0.9486404833836858,0.9437086092715232
IBK_k_=_5,0.927007299270073,0.9757575757575757,0.9415204678362573,0.07299270072992703,0.024242424242424288,0.9583333333333334,0.9536423841059603
IBK_k_=_5,0.9343065693430657,0.9636363636363636,0.9464285714285714,0.06569343065693434,0.036363636363636376,0.9549549549549549,0.9503311258278145
IBK_k_=_5,0.9343065693430657,0.9696969696969697,0.9467455621301775,0.06569343065693434,0.030303030303030276,0.9580838323353293,0.9536423841059603
IBK_k_=_5,0.9343065693430657,0.9636363636363636,0.9464285714285714,0.06569343065693434,0.036363636363636376,0.9549549549549549,0.9503311258278145
IBK_k_=_5,0.9343065693430657,0.9575757575757575,0.9461077844311377,0.06569343065693434,0.042424242424242475,0.9518072289156626,0.9470198675496688
IBK_k_=_5,0.9416058394160584,0.9636363636363636,0.9520958083832335,0.058394160583941646,0.036363636363636376,0.9578313253012049,0.9536423841059603
IBK_k_=_5,0.927007299270073,0.9575757575757575,0.9404761904761905,0.07299270072992703,0.042424242424242475,0.9489489489489489,0.9437086092715232
IBK_k_=_5,0.9416058394160584,0.9636363636363636,0.9520958083832335,0.058394160583941646,0.036363636363636376,0.9578313253012049,0.9536423841059603
IBK_k_=_5,0.9416058394160584,0.9757575757575757,0.9526627218934911,0.058394160583941646,0.024242424242424288,0.964071856287425,0.9602649006622517
IBK_k_=_5,0.927007299270073,0.9757575757575757,0.9415204678362573,0.07299270072992703,0.024242424242424288,0.9583333333333334,0.9536423841059603
IBK_k_=_5,0.9343065693430657,0.9696969696969697,0.9467455621301775,0.06569343065693434,0.030303030303030276,0.9580838323353293,0.9536423841059603
IBK_k_=_5,0.927007299270073,0.9636363636363636,0.9408284023668639,0.07299270072992703,0.036363636363636376,0.9520958083832336,0.9470198675496688
IBK_k_=_5,0.927007299270073,0.9575757575757575,0.9404761904761905,0.07299270072992703,0.042424242424242475,0.9489489489489489,0.9437086092715232
IBK_k_=_5,0.948905109489051,0.9696969696969697,0.9580838323353293,0.051094890510948954,0.030303030303030276,0.963855421686747,0.9602649006622517
IBK_k_=_5,0.927007299270073,0.9515151515151515,0.9401197604790419,0.07299270072992703,0.048484848484848464,0.9457831325301206,0.9403973509933775
IBK_k_=_5,0.9416058394160584,0.9696969696969697,0.9523809523809523,0.058394160583941646,0.030303030303030276,0.960960960960961,0.956953642384106
IBK_k_=_5,0.9416058394160584,0.9696969696969697,0.9523809523809523,0.058394160583941646,0.030303030303030276,0.960960960960961,0.956953642384106
IBK_k_=_5,0.9343065693430657,0.9696969696969697,0.9467455621301775,0.06569343065693434,0.030303030303030276,0.9580838323353293,0.9536423841059603
IBK_k_=_5,0.9343065693430657,0.9575757575757575,0.9461077844311377,0.06569343065693434,0.042424242424242475,0.9518072289156626,0.9470198675496688
IBK_k_=_5,0.9343065693430657,0.9696969696969697,0.9467455621301775,0.06569343065693434,0.030303030303030276,0.9580838323353293,0.9536423841059603
IBK_k_=_5,0.9343065693430657,0.9696969696969697,0.9467455621301775,0.06569343065693434,0.030303030303030276,0.9580838323353293,0.9536423841059603
IBK_k_=_5,0.948905109489051,0.9575757575757575,0.9575757575757575,0.051094890510948954,0.042424242424242475,0.9575757575757575,0.9536423841059603
IBK_k_=_5,0.927007299270073,0.9636363636363636,0.9408284023668639,0.07299270072992703,0.036363636363636376,0.9520958083832336,0.9470198675496688
J48_pruned,0.9343065693430657,0.9818181818181818,0.9473684210526315,0.06569343065693434,0.018181818181818188,0.9642857142857142,0.9602649006622517
J48_pruned,0.927007299270073,0.9939393939393939,0.9425287356321839,0.07299270072992703,0.0060606060606061,0.9675516224188789,0.9635761589403974
J48_pruned,0.9416058394160584,0.9878787878787879,0.9532163742690059,0.058394160583941646,0.012121212121212088,0.9702380952380953,0.9668874172185431
J48_pruned,0.927007299270073,0.9818181818181818,0.9418604651162791,0.07299270072992703,0.018181818181818188,0.9614243323442137,0.956953642384106
J48_pruned,0.927007299270073,0.9939393939393939,0.9425287356321839,0.07299270072992703,0.0060606060606061,0.9675516224188789,0.9635761589403974
J48_pruned,0.9343065693430657,0.9818181818181818,0.9473684210526315,0.06569343065693434,0.018181818181818188,0.9642857142857142,0.9602649006622517
J48_pruned,0.927007299270073,0.9696969696969697,0.9411764705882353,0.07299270072992703,0.030303030303030276,0.955223880597015,0.9503311258278145
J48_pruned,0.9416058394160584,0.9939393939393939,0.9534883720930233,0.058394160583941646,0.0060606060606061,0.973293768545994,0.9701986754966887
J48_pruned,0.9343065693430657,0.9939393939393939,0.9479768786127167,0.06569343065693434,0.0060606060606061,0.9704142011834319,0.9668874172185431
J48_pruned,0.9343065693430657,0.9757575757575757,0.9470588235294117,0.06569343065693434,0.024242424242424288,0.9611940298507462,0.956953642384106
J48_pruned,0.927007299270073,0.9696969696969697,0.9411764705882353,0.07299270072992703,0.030303030303030276,0.955223880597015,0.9503311258278145
J48_pruned,0.9416058394160584,0.9818181818181818,0.9529411764705882,0.058394160583941646,0.018181818181818188,0.9671641791044776,0.9635761589403974
J48_pruned,0.9416058394160584,0.9939393939393939,0.9534883720930233,0.058394160583941646,0.0060606060606061,0.973293768545994,0.9701986754966887
J48_pruned,0.9343065693430657,0.9818181818181818,0.9473684210526315,0.06569343065693434,0.018181818181818188,0.9642857142857142,0.9602649006622517
J48_pruned,0.9416058394160584,0.9818181818181818,0.9529411764705882,0.058394160583941646,0.018181818181818188,0.9671641791044776,0.9635761589403974
J48_pruned,0.9416058394160584,0.9939393939393939,0.9534883720930233,0.058394160583941646,0.0060606060606061,0.973293768545994,0.9701986754966887
J48_pruned,0.927007299270073,0.9878787878787879,0.9421965317919075,0.07299270072992703,0.012121212121212088,0.9644970414201184,0.9602649006622517
J48_pruned,0.9416058394160584,0.9818181818181818,0.9529411764705882,0.058394160583941646,0.018181818181818188,0.9671641791044776,0.9635761589403974
J48_pruned,0.9197080291970803,0.9818181818181818,0.9364161849710982,0.08029197080291972,0.018181818181818188,0.9585798816568047,0.9536423841059603
J48_pruned,0.9197080291970803,0.9818181818181818,0.9364161849710982,0.08029197080291972,0.018181818181818188,0.9585798816568047,0.9536423841059603
J48_pruned,0.9197080291970803,0.9939393939393939,0.9371428571428572,0.08029197080291972,0.0060606060606061,0.9647058823529412,0.9602649006622517
J48_pruned,0.9343065693430657,0.9818181818181818,0.9473684210526315,0.06569343065693434,0.018181818181818188,0.9642857142857142,0.9602649006622517
J48_pruned,0.927007299270073,0.9818181818181818,0.9418604651162791,0.07299270072992703,0.018181818181818188,0.9614243323442137,0.956953642384106
J48_pruned,0.927007299270073,0.9939393939393939,0.9425287356321839,0.07299270072992703,0.0060606060606061,0.9675516224188789,0.9635761589403974
J48_pruned,0.9197080291970803,0.9939393939393939,0.9371428571428572,0.08029197080291972,0.0060606060606061,0.9647058823529412,0.9602649006622517
J48_pruned,0.9416058394160584,0.9757575757575757,0.9526627218934911,0.058394160583941646,0.024242424242424288,0.964071856287425,0.9602649006622517
J48_pruned,0.9124087591240876,0.9878787878787879,0.9314285714285714,0.08759124087591241,0.012121212121212088,0.9588235294117647,0.9536423841059603
J48_pruned,0.927007299270073,0.9939393939393939,0.9425287356321839,0.07299270072992703,0.0060606060606061,0.9675516224188789,0.9635761589403974
J48_pruned,0.927007299270073,0.9878787878787879,0.9421965317919075,0.07299270072992703,0.012121212121212088,0.9644970414201184,0.9602649006622517
J48_pruned,0.9343065693430657,0.9878787878787879,0.9476744186046512,0.06569343065693434,0.012121212121212088,0.9673590504451038,0.9635761589403974
J48_unpruned,0.9343065693430657,0.9696969696969697,0.9467455621301775,0.06569343065693434,0.030303030303030276,0.9580838323353293,0.9536423841059603
J48_unpruned,0.9197080291970803,0.9878787878787879,0.9367816091954023,0.08029197080291972,0.012121212121212088,0.9616519174041299,0.956953642384106
J48_unpruned,0.9343065693430657,0.9636363636363636,0.9464285714285714,0.06569343065693434,0.036363636363636376,0.9549549549549549,0.9503311258278145
J48_unpruned,0.9197080291970803,0.9757575757575757,0.936046511627907,0.08029197080291972,0.024242424242424288,0.9554896142433233,0.9503311258278145
J48_unpruned,0.9416058394160584,0.9818181818181818,0.9529411764705882,0.058394160583941646,0.018181818181818188,0.9671641791044776,0.9635761589403974
J48_unpruned,0.9343065693430657,0.9696969696969697,0.9467455621301775,0.06569343065693434,0.030303030303030276,0.9580838323353293,0.9536423841059603
J48_unpruned,0.9416058394160584,0.9575757575757575,0.9518072289156626,0.058394160583941646,0.042424242424242475,0.9546827794561934,0.9503311258278145
J48_unpruned,0.9416058394160584,0.9696969696969697,0.9523809523809523,0.058394160583941646,0.030303030303030276,0.960960960960961,0.956953642384106
J48_unpruned,0.9343065693430657,0.9878787878787879,0.9476744186046512,0.06569343065693434,0.012121212121212088,0.9673590504451038,0.9635761589403974
J48_unpruned,0.9343065693430657,0.9575757575757575,0.9461077844311377,0.06569343065693434,0.042424242424242475,0.9518072289156626,0.9470198675496688
J48_unpruned,0.9343065693430657,0.9757575757575757,0.9470588235294117,0.06569343065693434,0.024242424242424288,0.9611940298507462,0.956953642384106
J48_unpruned,0.927007299270073,0.9757575757575757,0.9415204678362573,0.07299270072992703,0.024242424242424288,0.9583333333333334,0.9536423841059603
J48_unpruned,0.9416058394160584,0.9757575757575757,0.9526627218934911,0.058394160583941646,0.024242424242424288,0.964071856287425,0.9602649006622517
J48_unpruned,0.9343065693430657,0.9696969696969697,0.9467455621301775,0.06569343065693434,0.030303030303030276,0.9580838323353293,0.9536423841059603
J48_unpruned,0.948905109489051,0.9757575757575757,0.9583333333333334,0.051094890510948954,0.024242424242424288,0.9669669669669669,0.9635761589403974
J48_unpruned,0.9343065693430657,0.9818181818181818,0.9473684210526315,0.06569343065693434,0.018181818181818188,0.9642857142857142,0.9602649006622517
J48_unpruned,0.9416058394160584,0.9818181818181818,0.9529411764705882,0.058394160583941646,0.018181818181818188,0.9671641791044776,0.9635761589403974
J48_unpruned,0.9416058394160584,0.9757575757575757,0.9526627218934911,0.058394160583941646,0.024242424242424288,0.964071856287425,0.9602649006622517
J48_unpruned,0.927007299270073,0.9818181818181818,0.9418604651162791,0.07299270072992703,0.018181818181818188,0.9614243323442137,0.956953642384106
J48_unpruned,0.9416058394160584,0.9636363636363636,0.9520958083832335,0.058394160583941646,0.036363636363636376,0.9578313253012049,0.9536423841059603
J48_unpruned,0.9197080291970803,0.9696969696969697,0.935672514619883,0.08029197080291972,0.030303030303030276,0.9523809523809523,0.9470198675496688
J48_unpruned,0.9416058394160584,0.9575757575757575,0.9518072289156626,0.058394160583941646,0.042424242424242475,0.9546827794561934,0.9503311258278145
J48_unpruned,0.9197080291970803,0.9636363636363636,0.9352941176470588,0.08029197080291972,0.036363636363636376,0.9492537313432835,0.9437086092715232
J48_unpruned,0.9416058394160584,0.9818181818181818,0.9529411764705882,0.058394160583941646,0.018181818181818188,0.9671641791044776,0.9635761589403974
J48_unpruned,0.9124087591240876,0.9818181818181818,0.9310344827586207,0.08759124087591241,0.018181818181818188,0.9557522123893805,0.9503311258278145
J48_unpruned,0.9197080291970803,0.9515151515151515,0.9345238095238095,0.08029197080291972,0.048484848484848464,0.942942942942943,0.9370860927152318
J48_unpruned,0.9343065693430657,0.9696969696969697,0.9467455621301775,0.06569343065693434,0.030303030303030276,0.9580838323353293,0.9536423841059603
J48_unpruned,0.9416058394160584,0.9878787878787879,0.9532163742690059,0.058394160583941646,0.012121212121212088,0.9702380952380953,0.9668874172185431
J48_unpruned,0.948905109489051,0.9818181818181818,0.9585798816568047,0.051094890510948954,0.018181818181818188,0.9700598802395209,0.9668874172185431
J48_unpruned,0.9416058394160584,0.9818181818181818,0.9529411764705882,0.058394160583941646,0.018181818181818188,0.9671641791044776,0.9635761589403974
JRIP_pruned,0.9197080291970803,0.9878787878787879,0.9367816091954023,0.08029197080291972,0.012121212121212088,0.9616519174041299,0.956953642384106
JRIP_pruned,0.9197080291970803,0.9878787878787879,0.9367816091954023,0.08029197080291972,0.012121212121212088,0.9616519174041299,0.956953642384106
JRIP_pruned,0.9197080291970803,0.9939393939393939,0.9371428571428572,0.08029197080291972,0.0060606060606061,0.9647058823529412,0.9602649006622517
JRIP_pruned,0.9197080291970803,1.0,0.9375,0.08029197080291972,0.0,0.967741935483871,0.9635761589403974
JRIP_pruned,0.9197080291970803,1.0,0.9375,0.08029197080291972,0.0,0.967741935483871,0.9635761589403974
JRIP_pruned,0.9197080291970803,0.9939393939393939,0.9371428571428572,0.08029197080291972,0.0060606060606061,0.9647058823529412,0.9602649006622517
JRIP_pruned,0.9197080291970803,0.9939393939393939,0.9371428571428572,0.08029197080291972,0.0060606060606061,0.9647058823529412,0.9602649006622517
JRIP_pruned,0.9197080291970803,0.9939393939393939,0.9371428571428572,0.08029197080291972,0.0060606060606061,0.9647058823529412,0.9602649006622517
JRIP_pruned,0.9197080291970803,0.9939393939393939,0.9371428571428572,0.08029197080291972,0.0060606060606061,0.9647058823529412,0.9602649006622517
JRIP_pruned,0.9197080291970803,0.9939393939393939,0.9371428571428572,0.08029197080291972,0.0060606060606061,0.9647058823529412,0.9602649006622517
JRIP_pruned,0.9197080291970803,0.9878787878787879,0.9367816091954023,0.08029197080291972,0.012121212121212088,0.9616519174041299,0.956953642384106
JRIP_pruned,0.9197080291970803,0.9939393939393939,0.9371428571428572,0.08029197080291972,0.0060606060606061,0.9647058823529412,0.9602649006622517
JRIP_pruned,0.9197080291970803,0.9818181818181818,0.9364161849710982,0.08029197080291972,0.018181818181818188,0.9585798816568047,0.9536423841059603
JRIP_pruned,0.9197080291970803,0.9939393939393939,0.9371428571428572,0.08029197080291972,0.0060606060606061,0.9647058823529412,0.9602649006622517
JRIP_pruned,0.9197080291970803,0.9818181818181818,0.9364161849710982,0.08029197080291972,0.018181818181818188,0.9585798816568047,0.9536423841059603
JRIP_pruned,0.9197080291970803,0.9818181818181818,0.9364161849710982,0.08029197080291972,0.018181818181818188,0.9585798816568047,0.9536423841059603
JRIP_pruned,0.9197080291970803,0.9878787878787879,0.9367816091954023,0.08029197080291972,0.012121212121212088,0.9616519174041299,0.956953642384106
JRIP_pruned,0.9197080291970803,0.9939393939393939,0.9371428571428572,0.08029197080291972,0.0060606060606061,0.9647058823529412,0.9602649006622517
JRIP_pruned,0.9197080291970803,0.9939393939393939,0.9371428571428572,0.08029197080291972,0.0060606060606061,0.9647058823529412,0.9602649006622517
JRIP_pruned,0.9197080291970803,0.9939393939393939,0.9371428571428572,0.08029197080291972,0.0060606060606061,0.9647058823529412,0.9602649006622517
JRIP_pruned,0.9197080291970803,0.9757575757575757,0.936046511627907,0.08029197080291972,0.024242424242424288,0.9554896142433233,0.9503311258278145
JRIP_pruned,0.9197080291970803,0.9939393939393939,0.9371428571428572,0.08029197080291972,0.0060606060606061,0.9647058823529412,0.9602649006622517
JRIP_pruned,0.9197080291970803,0.9939393939393939,0.9371428571428572,0.08029197080291972,0.0060606060606061,0.9647058823529412,0.9602649006622517
JRIP_pruned,0.9197080291970803,0.9939393939393939,0.9371428571428572,0.08029197080291972,0.0060606060606061,0.9647058823529412,0.9602649006622517
JRIP_pruned,0.9197080291970803,0.9939393939393939,0.9371428571428572,0.08029197080291972,0.0060606060606061,0.9647058823529412,0.9602649006622517
JRIP_pruned,0.9197080291970803,0.9939393939393939,0.9371428571428572,0.08029197080291972,0.0060606060606061,0.9647058823529412,0.9602649006622517
JRIP_pruned,0.9197080291970803,0.9939393939393939,0.9371428571428572,0.08029197080291972,0.0060606060606061,0.9647058823529412,0.9602649006622517
JRIP_pruned,0.9197080291970803,0.9939393939393939,0.9371428571428572,0.08029197080291972,0.0060606060606061,0.9647058823529412,0.9602649006622517
JRIP_pruned,0.9197080291970803,0.9939393939393939,0.9371428571428572,0.08029197080291972,0.0060606060606061,0.9647058823529412,0.9602649006622517
JRIP_pruned,0.9197080291970803,0.9878787878787879,0.9367816091954023,0.08029197080291972,0.012121212121212088,0.9616519174041299,0.956953642384106
JRIP_unpruned,0.927007299270073,0.9757575757575757,0.9415204678362573,0.07299270072992703,0.024242424242424288,0.9583333333333334,0.9536423841059603
JRIP_unpruned,0.9197080291970803,0.9878787878787879,0.9367816091954023,0.08029197080291972,0.012121212121212088,0.9616519174041299,0.956953642384106
JRIP_unpruned,0.927007299270073,0.9818181818181818,0.9418604651162791,0.07299270072992703,0.018181818181818188,0.9614243323442137,0.956953642384106
JRIP_unpruned,0.9197080291970803,0.9757575757575757,0.936046511627907,0.08029197080291972,0.024242424242424288,0.9554896142433233,0.9503311258278145
JRIP_unpruned,0.9343065693430657,0.9818181818181818,0.9473684210526315,0.06569343065693434,0.018181818181818188,0.9642857142857142,0.9602649006622517
JRIP_unpruned,0.927007299270073,0.9818181818181818,0.9418604651162791,0.07299270072992703,0.018181818181818188,0.9614243323442137,0.956953642384106
JRIP_unpruned,0.9416058394160584,0.9878787878787879,0.9532163742690059,0.058394160583941646,0.012121212121212088,0.9702380952380953,0.9668874172185431
JRIP_unpruned,0.927007299270073,0.9757575757575757,0.9415204678362573,0.07299270072992703,0.024242424242424288,0.9583333333333334,0.9536423841059603
JRIP_unpruned,0.927007299270073,0.9818181818181818,0.9418604651162791,0.07299270072992703,0.018181818181818188,0.9614243323442137,0.956953642384106
JRIP_unpruned,0.927007299270073,0.9878787878787879,0.9421965317919075,0.07299270072992703,0.012121212121212088,0.9644970414201184,0.9602649006622517
JRIP_unpruned,0.927007299270073,0.9696969696969697,0.9411764705882353,0.07299270072992703,0.030303030303030276,0.955223880597015,0.9503311258278145
JRIP_unpruned,0.927007299270073,0.9757575757575757,0.9415204678362573,0.07299270072992703,0.024242424242424288,0.9583333333333334,0.9536423841059603
JRIP_unpruned,0.9416058394160584,0.9696969696969697,0.9523809523809523,0.058394160583941646,0.030303030303030276,0.960960960960961,0.956953642384106
JRIP_unpruned,0.927007299270073,0.9818181818181818,0.9418604651162791,0.07299270072992703,0.018181818181818188,0.9614243323442137,0.956953642384106
JRIP_unpruned,0.927007299270073,0.9696969696969697,0.9411764705882353,0.07299270072992703,0.030303030303030276,0.955223880597015,0.9503311258278145
JRIP_unpruned,0.927007299270073,0.9818181818181818,0.9418604651162791,0.07299270072992703,0.018181818181818188,0.9614243323442137,0.956953642384106
JRIP_unpruned,0.927007299270073,0.9818181818181818,0.9418604651162791,0.07299270072992703,0.018181818181818188,0.9614243323442137,0.956953642384106
JRIP_unpruned,0.9343065693430657,0.9757575757575757,0.9470588235294117,0.06569343065693434,0.024242424242424288,0.9611940298507462,0.956953642384106
JRIP_unpruned,0.9197080291970803,0.9818181818181818,0.9364161849710982,0.08029197080291972,0.018181818181818188,0.9585798816568047,0.9536423841059603
JRIP_unpruned,0.9343065693430657,0.9878787878787879,0.9476744186046512,0.06569343065693434,0.012121212121212088,0.9673590504451038,0.9635761589403974
JRIP_unpruned,0.927007299270073,0.9696969696969697,0.9411764705882353,0.07299270072992703,0.030303030303030276,0.955223880597015,0.9503311258278145
JRIP_unpruned,0.927007299270073,0.9757575757575757,0.9415204678362573,0.07299270072992703,0.024242424242424288,0.9583333333333334,0.9536423841059603
JRIP_unpruned,0.927007299270073,0.9878787878787879,0.9421965317919075,0.07299270072992703,0.012121212121212088,0.9644970414201184,0.9602649006622517
JRIP_unpruned,0.927007299270073,0.9878787878787879,0.9421965317919075,0.07299270072992703,0.012121212121212088,0.9644970414201184,0.9602649006622517
JRIP_unpruned,0.927007299270073,0.9878787878787879,0.9421965317919075,0.07299270072992703,0.012121212121212088,0.9644970414201184,0.9602649006622517
JRIP_unpruned,0.927007299270073,0.9696969696969697,0.9411764705882353,0.07299270072992703,0.030303030303030276,0.955223880597015,0.9503311258278145
JRIP_unpruned,0.9197080291970803,0.9818181818181818,0.9364161849710982,0.08029197080291972,0.018181818181818188,0.9585798816568047,0.9536423841059603
JRIP_unpruned,0.9197080291970803,0.9878787878787879,0.9367816091954023,0.08029197080291972,0.012121212121212088,0.9616519174041299,0.956953642384106
JRIP_unpruned,0.9343065693430657,0.9818181818181818,0.9473684210526315,0.06569343065693434,0.018181818181818188,0.9642857142857142,0.9602649006622517
JRIP_unpruned,0.927007299270073,1.0,0.9428571428571428,0.07299270072992703,0.0,0.9705882352941176,0.9668874172185431
ZERO_R,0.0,1.0,0.5463576158940397,1.0,0.0,0.7066381156316917,0.5463576158940397
ZERO_R,0.0,1.0,0.5463576158940397,1.0,0.0,0.7066381156316917,0.5463576158940397
ZERO_R,0.0,1.0,0.5463576158940397,1.0,0.0,0.7066381156316917,0.5463576158940397
ZERO_R,0.0,1.0,0.5463576158940397,1.0,0.0,0.7066381156316917,0.5463576158940397
ZERO_R,0.0,1.0,0.5463576158940397,1.0,0.0,0.7066381156316917,0.5463576158940397
ZERO_R,0.0,1.0,0.5463576158940397,1.0,0.0,0.7066381156316917,0.5463576158940397
ZERO_R,0.0,1.0,0.5463576158940397,1.0,0.0,0.7066381156316917,0.5463576158940397
ZERO_R,0.0,1.0,0.5463576158940397,1.0,0.0,0.7066381156316917,0.5463576158940397
ZERO_R,0.0,1.0,0.5463576158940397,1.0,0.0,0.7066381156316917,0.5463576158940397
ZERO_R,0.0,1.0,0.5463576158940397,1.0,0.0,0.7066381156316917,0.5463576158940397
ZERO_R,0.0,1.0,0.5463576158940397,1.0,0.0,0.7066381156316917,0.5463576158940397
ZERO_R,0.0,1.0,0.5463576158940397,1.0,0.0,0.7066381156316917,0.5463576158940397
ZERO_R,0.0,1.0,0.5463576158940397,1.0,0.0,0.7066381156316917,0.5463576158940397
ZERO_R,0.0,1.0,0.5463576158940397,1.0,0.0,0.7066381156316917,0.5463576158940397
ZERO_R,0.0,1.0,0.5463576158940397,1.0,0.0,0.7066381156316917,0.5463576158940397
ZERO_R,0.0,1.0,0.5463576158940397,1.0,0.0,0.7066381156316917,0.5463576158940397
ZERO_R,0.0,1.0,0.5463576158940397,1.0,0.0,0.7066381156316917,0.5463576158940397
ZERO_R,0.0,1.0,0.5463576158940397,1.0,0.0,0.7066381156316917,0.5463576158940397
ZERO_R,0.0,1.0,0.5463576158940397,1.0,0.0,0.7066381156316917,0.5463576158940397
ZERO_R,0.0,1.0,0.5463576158940397,1.0,0.0,0.7066381156316917,0.5463576158940397
ZERO_R,0.0,1.0,0.5463576158940397,1.0,0.0,0.7066381156316917,0.5463576158940397
ZERO_R,0.0,1.0,0.5463576158940397,1.0,0.0,0.7066381156316917,0.5463576158940397
ZERO_R,0.0,1.0,0.5463576158940397,1.0,0.0,0.7066381156316917,0.5463576158940397
ZERO_R,0.0,1.0,0.5463576158940397,1.0,0.0,0.7066381156316917,0.5463576158940397
ZERO_R,0.0,1.0,0.5463576158940397,1.0,0.0,0.7066381156316917,0.5463576158940397
ZERO_R,0.0,1.0,0.5463576158940397,1.0,0.0,0.7066381156316917,0.5463576158940397
ZERO_R,0.0,1.0,0.5463576158940397,1.0,0.0,0.7066381156316917,0.5463576158940397
ZERO_R,0.0,1.0,0.5463576158940397,1.0,0.0,0.7066381156316917,0.5463576158940397
ZERO_R,0.0,1.0,0.5463576158940397,1.0,0.0,0.7066381156316917,0.5463576158940397
ZERO_R,0.0,1.0,0.5463576158940397,1.0,0.0,0.7066381156316917,0.5463576158940397
NAIVE_BAYES,0.8978102189781022,0.9393939393939394,0.9171597633136095,0.1021897810218978,0.06060606060606055,0.9281437125748503,0.9205298013245033
NAIVE_BAYES,0.8978102189781022,0.9454545454545454,0.9176470588235294,0.1021897810218978,0.054545454545454564,0.9313432835820895,0.9238410596026491
NAIVE_BAYES,0.8759124087591241,0.9393939393939394,0.9011627906976745,0.12408759124087587,0.06060606060606055,0.9198813056379823,0.9105960264900662
NAIVE_BAYES,0.8540145985401459,0.9333333333333333,0.8850574712643678,0.14598540145985406,0.06666666666666665,0.9085545722713864,0.8973509933774835
NAIVE_BAYES,0.8978102189781022,0.9393939393939394,0.9171597633136095,0.1021897810218978,0.06060606060606055,0.9281437125748503,0.9205298013245033
NAIVE_BAYES,0.8978102189781022,0.9393939393939394,0.9171597633136095,0.1021897810218978,0.06060606060606055,0.9281437125748503,0.9205298013245033
NAIVE_BAYES,0.8905109489051095,0.9454545454545454,0.9122807017543859,0.10948905109489049,0.054545454545454564,0.9285714285714285,0.9205298013245033
NAIVE_BAYES,0.8905109489051095,0.9454545454545454,0.9122807017543859,0.10948905109489049,0.054545454545454564,0.9285714285714285,0.9205298013245033
NAIVE_BAYES,0.9051094890510949,0.9454545454545454,0.9230769230769231,0.0948905109489051,0.054545454545454564,0.9341317365269461,0.9271523178807947
NAIVE_BAYES,0.8905109489051095,0.9333333333333333,0.9112426035502958,0.10948905109489049,0.06666666666666665,0.9221556886227545,0.9139072847682119
NAIVE_BAYES,0.8905109489051095,0.9515151515151515,0.9127906976744186,0.10948905109489049,0.048484848484848464,0.9317507418397627,0.9238410596026491
NAIVE_BAYES,0.8978102189781022,0.9393939393939394,0.9171597633136095,0.1021897810218978,0.06060606060606055,0.9281437125748503,0.9205298013245033
NAIVE_BAYES,0.8905109489051095,0.9333333333333333,0.9112426035502958,0.10948905109489049,0.06666666666666665,0.9221556886227545,0.9139072847682119
NAIVE_BAYES,0.8978102189781022,0.9393939393939394,0.9171597633136095,0.1021897810218978,0.06060606060606055,0.9281437125748503,0.9205298013245033
NAIVE_BAYES,0.8978102189781022,0.9272727272727272,0.9161676646706587,0.1021897810218978,0.07272727272727275,0.9216867469879517,0.9139072847682119
NAIVE_BAYES,0.8978102189781022,0.9393939393939394,0.9171597633136095,0.1021897810218978,0.06060606060606055,0.9281437125748503,0.9205298013245033
NAIVE_BAYES,0.9124087591240876,0.9515151515151515,0.9289940828402367,0.08759124087591241,0.048484848484848464,0.9401197604790419,0.9337748344370861
NAIVE_BAYES,0.8905109489051095,0.9454545454545454,0.9122807017543859,0.10948905109489049,0.054545454545454564,0.9285714285714285,0.9205298013245033
NAIVE_BAYES,0.8832116788321168,0.9393939393939394,0.9064327485380117,0.11678832116788318,0.06060606060606055,0.9226190476190477,0.9139072847682119
NAIVE_BAYES,0.8759124087591241,0.9151515151515152,0.8988095238095238,0.12408759124087587,0.08484848484848484,0.9069069069069069,0.8973509933774835
NAIVE_BAYES,0.8905109489051095,0.9393939393939394,0.9117647058823529,0.10948905109489049,0.06060606060606055,0.9253731343283583,0.9172185430463576
NAIVE_BAYES,0.8905109489051095,0.9272727272727272,0.9107142857142857,0.10948905109489049,0.07272727272727275,0.918918918918919,0.9105960264900662
NAIVE_BAYES,0.8832116788321168,0.9333333333333333,0.9058823529411765,0.11678832116788318,0.06666666666666665,0.9194029850746268,0.9105960264900662
NAIVE_BAYES,0.9051094890510949,0.9393939393939394,0.9226190476190477,0.0948905109489051,0.06060606060606055,0.9309309309309309,0.9238410596026491
NAIVE_BAYES,0.8905109489051095,0.9393939393939394,0.9117647058823529,0.10948905109489049,0.06060606060606055,0.9253731343283583,0.9172185430463576
NAIVE_BAYES,0.9051094890510949,0.9393939393939394,0.9226190476190477,0.0948905109489051,0.06060606060606055,0.9309309309309309,0.9238410596026491
NAIVE_BAYES,0.9124087591240876,0.9393939393939394,0.9281437125748503,0.08759124087591241,0.06060606060606055,0.9337349397590362,0.9271523178807947
NAIVE_BAYES,0.8905109489051095,0.9393939393939394,0.9117647058823529,0.10948905109489049,0.06060606060606055,0.9253731343283583,0.9172185430463576
NAIVE_BAYES,0.8978102189781022,0.9515151515151515,0.9181286549707602,0.1021897810218978,0.048484848484848464,0.9345238095238095,0.9271523178807947
NAIVE_BAYES,0.8832116788321168,0.9333333333333333,0.9058823529411765,0.11678832116788318,0.06666666666666665,0.9194029850746268,0.9105960264900662
SMO,0.8613138686131386,1.0,0.8967391304347826,0.13868613138686137,0.0,0.9455587392550142,0.9370860927152318
SMO,0.8686131386861314,0.9757575757575757,0.8994413407821229,0.13138686131386856,0.024242424242424288,0.936046511627907,0.9271523178807947
SMO,0.8613138686131386,0.9454545454545454,0.8914285714285715,0.13868613138686137,0.054545454545454564,0.9176470588235295,0.9072847682119205
SMO,0.8613138686131386,0.9636363636363636,0.8932584269662921,0.13868613138686137,0.036363636363636376,0.9271137026239066,0.9172185430463576
SMO,0.8686131386861314,0.9333333333333333,0.8953488372093024,0.13138686131386856,0.06666666666666665,0.913946587537092,0.9039735099337748
SMO,0.8613138686131386,0.9818181818181818,0.8950276243093923,0.13868613138686137,0.018181818181818188,0.9364161849710984,0.9271523178807947
SMO,0.8613138686131386,1.0,0.8967391304347826,0.13868613138686137,0.0,0.9455587392550142,0.9370860927152318
SMO,0.8686131386861314,0.9575757575757575,0.8977272727272727,0.13138686131386856,0.042424242424242475,0.9266862170087976,0.9172185430463576
SMO,0.8613138686131386,1.0,0.8967391304347826,0.13868613138686137,0.0,0.9455587392550142,0.9370860927152318
SMO,0.8686131386861314,0.9575757575757575,0.8977272727272727,0.13138686131386856,0.042424242424242475,0.9266862170087976,0.9172185430463576
SMO,0.8686131386861314,0.9757575757575757,0.8994413407821229,0.13138686131386856,0.024242424242424288,0.936046511627907,0.9271523178807947
SMO,0.8613138686131386,0.9757575757575757,0.8944444444444445,0.13868613138686137,0.024242424242424288,0.9333333333333333,0.9238410596026491
SMO,0.8613138686131386,1.0,0.8967391304347826,0.13868613138686137,0.0,0.9455587392550142,0.9370860927152318
SMO,0.8686131386861314,0.9696969696969697,0.898876404494382,0.13138686131386856,0.030303030303030276,0.9329446064139941,0.9238410596026491
SMO,0.8686131386861314,0.9393939393939394,0.8959537572254336,0.13138686131386856,0.06060606060606055,0.9171597633136096,0.9072847682119205
SMO,0.8613138686131386,0.9757575757575757,0.8944444444444445,0.13868613138686137,0.024242424242424288,0.9333333333333333,0.9238410596026491
SMO,0.8686131386861314,0.9757575757575757,0.8994413407821229,0.13138686131386856,0.024242424242424288,0.936046511627907,0.9271523178807947
SMO,0.8613138686131386,0.9636363636363636,0.8932584269662921,0.13868613138686137,0.036363636363636376,0.9271137026239066,0.9172185430463576
SMO,0.8613138686131386,0.9696969696969697,0.8938547486033519,0.13868613138686137,0.030303030303030276,0.9302325581395349,0.9205298013245033
SMO,0.8759124087591241,0.9454545454545454,0.9017341040462428,0.12408759124087587,0.054545454545454564,0.923076923076923,0.9139072847682119
SMO,0.8613138686131386,1.0,0.8967391304347826,0.13868613138686137,0.0,0.9455587392550142,0.9370860927152318
SMO,0.8759124087591241,0.9212121212121213,0.8994082840236687,0.12408759124087587,0.07878787878787874,0.9101796407185629,0.9006622516556292
SMO,0.8613138686131386,0.9818181818181818,0.8950276243093923,0.13868613138686137,0.018181818181818188,0.9364161849710984,0.9271523178807947
SMO,0.8613138686131386,1.0,0.8967391304347826,0.13868613138686137,0.0,0.9455587392550142,0.9370860927152318
SMO,0.8613138686131386,1.0,0.8967391304347826,0.13868613138686137,0.0,0.9455587392550142,0.9370860927152318
SMO,0.8686131386861314,0.9757575757575757,0.8994413407821229,0.13138686131386856,0.024242424242424288,0.936046511627907,0.9271523178807947
SMO,0.8613138686131386,0.9636363636363636,0.8932584269662921,0.13868613138686137,0.036363636363636376,0.9271137026239066,0.9172185430463576
SMO,0.8613138686131386,1.0,0.8967391304347826,0.13868613138686137,0.0,0.9455587392550142,0.9370860927152318
SMO,0.8613138686131386,1.0,0.8967391304347826,0.13868613138686137,0.0,0.9455587392550142,0.9370860927152318
SMO,0.8686131386861314,0.9757575757575757,0.8994413407821229,0.13138686131386856,0.024242424242424288,0.936046511627907,0.9271523178807947
